id,alias
pablo,Pablo OG
wouter,Wouter
adi,Adi
sizwe,Sizwe
bram,Bram
adam,Adam
alex,Alex
johan,Johan
gregor,Gregor
cedric,Cedric
shawn,Shawn
finnian,Finnian
dobro,Dobromil
maarten,Maarten
luca,Luca
gianluca,Gianluca
jay,Jay
michiel,Michiel
bishoy,Bishoy
pablop,Pablo P.
marco,Marco
giosafat,Giosafat
renaud,Renaud
giovanni,Giovanni
samir,Samir
petit,Petit
antoine,Antoine
matthew,Matthew
iman,Iman
kwinten,Kwinten
stijn,Stijn
fais,Fais
arne,Arne
firat,Firat
thijs,Thijs
reza,Reza
vinny,Vinny
caique,Caique
tanoo,Tanoo
eslam,Eslam
ensar,Ensar
adel,Adel
lars,Lars
sander,Sander
victor,Victor
baris,Baris
karim,Karim
nima,Nima
raphael,Raphael
dmytro,Dmytro
miro,Miro
thibaut,Thibaut
joachim,Joachim
dries,Dries
tchi,Tchi
miguel,Miguel
pete,Pete
mohsen,Mohsen
pedja,Pedja
david,David
onur,Onur
filip,Filip
kieran,Kieran
akbar,Akbar
